user_id,name,gender,mobile,date_of_birth,blood_group,city,pincode,role,insert_time
U100,Jivin Reddy,Male,+91 6964445588,03-12-1972,A-,Hyderabad,665519,Bridge Donor,13-01-2025 22:27
U101,Anya Sibal,Other,+91 8270743112,03-10-1971,A+,Pune,629526,Emergency Donor,05-02-2025 15:01
U102,Onkar Varty,Female,+91 7996408440,21-07-2000,A+,Kolkata,781351,Emergency Donor,11-01-2025 09:15
U103,Shlok Kadakia,Female,+91 6107069269,12-09-1989,O-,Delhi,758358,Bridge Donor,13-05-2025 15:03
U104,Romil Bose,Female,+91 8774141323,21-12-1978,AB-,Bengaluru,904448,Fighter,17-06-2025 15:45
U105,Inaaya  Char,Male,+91 6761659221,16-11-1985,AB+,Delhi,147117,Emergency Donor,25-02-2025 20:01
U106,Shayak Chacko,Male,+91 7622209477,24-11-1994,B+,Pune,719674,Fighter,09-05-2025 17:20
U107,Rania Chandra,Female,+91 9084524039,15-06-1984,O+,Ahmedabad,994251,Fighter,18-03-2025 15:03
U108,Kabir Jhaveri,Female,+91 9056885554,19-08-1978,O+,Mumbai,291750,Emergency Donor,05-01-2025 14:49
U109,Krish Dara,Female,+91 8059176588,10-08-2000,AB-,Bengaluru,261195,Bridge Donor,03-01-2025 03:00
U110,Keya Madan,Male,+91 9380210081,02-09-1974,B+,Hyderabad,453655,Emergency Donor,17-04-2025 19:58
U111,Ishita Mani,Female,+91 8034834766,13-05-1981,A+,Ahmedabad,776900,Fighter,14-05-2025 15:36
U112,Rohan Tripathi,Male,+91 8163638840,21-09-2003,A-,Ahmedabad,409378,Emergency Donor,07-07-2025 11:49
U113,Vritika Dayal,Female,+91 9270292398,09-11-1976,AB-,Mumbai,276114,Emergency Donor,09-08-2025 17:50
U114,Ela Kannan,Male,+91 8226008296,13-10-1992,A-,Delhi,607796,Fighter,14-05-2025 22:44
U115,Kabir Acharya,Female,+91 7928577459,04-05-1994,B-,Pune,169938,Bridge Donor,03-02-2025 02:09
U116,Jayant Wagle,Male,+91 7598939714,27-05-1996,B-,Hyderabad,273922,Emergency Donor,04-07-2025 10:55
U117,Elakshi Roy,Other,+91 6470462508,02-06-1995,B+,Pune,175089,Emergency Donor,05-03-2025 02:10
U118,Divyansh Lad,Female,+91 7939102906,25-08-2001,AB+,Ahmedabad,847490,Fighter,24-06-2025 04:02
U119,Tanya Dalal,Other,+91 6971933239,18-07-2001,B+,Ahmedabad,183646,Emergency Donor,08-08-2025 00:45
U120,Anaya Sachdev,Other,+91 6569060963,26-03-2003,B+,Mumbai,691214,Bridge Donor,15-05-2025 03:00
U121,Mannat Agrawal,Female,+91 7210316239,17-07-1995,B-,Pune,748828,Fighter,05-04-2025 06:04
U122,Shanaya Kibe,Other,+91 9990877948,10-12-1984,B-,Delhi,875707,Bridge Donor,12-01-2025 12:44
U123,Shamik Gopal,Other,+91 7463323192,12-08-1982,A+,Pune,290372,Fighter,09-06-2025 04:49
U124,Trisha Kade,Other,+91 9799775058,26-07-1969,O-,Kolkata,125371,Emergency Donor,28-05-2025 04:53
U125,Aarav Dass,Male,+91 6067852893,22-04-2006,A-,Chennai,720758,Bridge Donor,28-03-2025 01:39
U126,Yasmin Butala,Male,+91 9281419451,11-03-1969,O+,Kolkata,881130,Emergency Donor,21-01-2025 20:24
U127,Vardaniya Varughese,Female,+91 8678440400,05-07-2007,O-,Kolkata,120328,Fighter,12-02-2025 23:13
U128,Navya Varma,Male,+91 6545605330,30-01-1976,O+,Hyderabad,152742,Emergency Donor,22-03-2025 22:24
U129,Ira Soni,Female,+91 9497731456,14-10-1995,A+,Mumbai,558103,Fighter,07-06-2025 02:48
U130,Neelofar Sur,Other,+91 7231199552,02-01-1992,O-,Ahmedabad,950598,Bridge Donor,18-03-2025 02:05
U131,Elakshi Kumer,Other,+91 8334389495,12-10-1971,B-,Mumbai,409123,Emergency Donor,08-05-2025 13:12
U132,Fateh Keer,Other,+91 7217131505,21-04-1994,A+,Ahmedabad,558836,Bridge Donor,20-07-2025 16:15
U133,Parinaaz Sodhi,Female,+91 9080622012,30-07-2001,A-,Kolkata,566663,Fighter,26-05-2025 00:30
U134,Nitara Bath,Other,+91 8753813210,27-04-1998,AB-,Pune,931501,Emergency Donor,16-02-2025 01:17
U135,Anahi Edwin,Female,+91 7893690480,07-07-1978,O+,Bengaluru,631962,Fighter,10-08-2025 06:36
U136,Vihaan Bajwa,Female,+91 9849969772,02-06-1966,O+,Kolkata,894356,Fighter,05-07-2025 17:26
U137,Vidur Dugar,Other,+91 6775231178,09-12-1977,A+,Pune,784686,Bridge Donor,05-02-2025 14:13
U138,Emir Zacharia,Male,+91 6648289041,18-09-1987,O+,Mumbai,813354,Emergency Donor,15-06-2025 03:20
U139,Yuvraj  Baral,Other,+91 9926600839,29-07-1980,A-,Kolkata,824402,Emergency Donor,28-07-2025 17:20
U140,Indrajit Saini,Male,+91 7238722382,02-09-1974,B+,Pune,139341,Fighter,13-07-2025 23:15
U141,Lakshit Issac,Male,+91 9669242453,11-05-2006,B-,Ahmedabad,949183,Fighter,03-08-2025 13:34
U142,Emir Gera,Male,+91 9566911654,07-12-1974,B-,Chennai,522351,Bridge Donor,06-02-2025 00:49
U143,Miraan Sachar,Female,+91 6811732254,22-11-2005,O+,Chennai,383062,Fighter,30-03-2025 23:40
U144,Samaira Dhawan,Male,+91 8404564787,07-10-1977,A+,Kolkata,126056,Emergency Donor,17-05-2025 01:23
U145,Hridaan Savant,Female,+91 6388406350,28-02-2003,O-,Hyderabad,448745,Emergency Donor,30-06-2025 11:44
U146,Riaan Khare,Other,+91 8067021443,29-05-1992,A+,Mumbai,438368,Bridge Donor,30-03-2025 20:16
U147,Sumer Chacko,Other,+91 9886598840,12-08-1983,A+,Delhi,159014,Emergency Donor,10-07-2025 04:13
U148,Saksham Sampath,Other,+91 9861507343,09-03-1965,B+,Delhi,562765,Fighter,19-03-2025 12:42
U149,Sumer Jani,Female,+91 7045303894,08-01-2003,B-,Kolkata,498675,Fighter,06-06-2025 07:23
U150,Anya Master,Female,+91 8573092444,27-06-1967,A-,Chennai,139394,Bridge Donor,23-07-2025 20:17
U151,Shayak Sankaran,Other,+91 7805832252,14-09-1987,B+,Delhi,121296,Fighter,22-07-2025 18:26
U152,Zoya Shukla,Male,+91 6097761949,09-09-1978,A-,Hyderabad,524385,Fighter,01-08-2025 09:43
U153,Neysa Bajaj,Female,+91 8580734938,23-07-1981,O+,Delhi,566744,Bridge Donor,20-04-2025 22:54
U154,Ishita Krish,Male,+91 8689805129,04-04-1971,O+,Chennai,677926,Bridge Donor,28-03-2025 05:08
U155,Kaira Bhatnagar,Male,+91 6786744214,28-10-2001,B+,Kolkata,203506,Emergency Donor,19-03-2025 12:57
U156,Priyansh Borde,Other,+91 7052861957,25-05-2007,AB-,Chennai,989685,Fighter,21-04-2025 06:38
U157,Drishya Verma,Other,+91 8825591349,27-05-1993,AB+,Kolkata,801233,Emergency Donor,17-04-2025 06:12
U158,Saksham Khalsa,Male,+91 7810551098,07-11-2003,A-,Mumbai,942112,Fighter,21-05-2025 10:42
U159,Hiran Sani,Male,+91 7772633212,03-10-2005,A-,Pune,200915,Fighter,27-04-2025 03:31
U160,Aayush Gokhale,Male,+91 7530505241,14-05-2001,O+,Hyderabad,495804,Bridge Donor,11-03-2025 09:22
U161,Anika Sarkar,Male,+91 8885978293,24-07-1993,B-,Delhi,423668,Fighter,29-05-2025 17:26
U162,Hrishita Devi,Female,+91 8534303447,30-04-1980,O-,Mumbai,465486,Emergency Donor,14-01-2025 22:17
U163,Mamooty Rattan,Female,+91 6797157023,02-06-2001,B-,Mumbai,614570,Bridge Donor,11-07-2025 21:02
U164,Saira Gour,Other,+91 9685623482,19-12-1970,AB+,Kolkata,228767,Emergency Donor,04-01-2025 14:33
U165,Saanvi Tiwari,Male,+91 6623975750,26-02-2003,A+,Chennai,813925,Emergency Donor,29-07-2025 13:58
U166,Veer Bhat,Other,+91 9586537647,01-10-1965,B+,Delhi,772696,Emergency Donor,17-07-2025 21:17
U167,Biju Aggarwal,Female,+91 8427628496,09-11-1970,O-,Ahmedabad,673015,Bridge Donor,20-06-2025 07:47
U168,Jivin Upadhyay,Male,+91 8690533083,27-08-1988,AB+,Chennai,258519,Emergency Donor,19-03-2025 00:25
U169,Veer Kala,Male,+91 7236749084,08-05-1974,AB-,Mumbai,541479,Bridge Donor,05-08-2025 16:40
U170,Dhruv Hari,Female,+91 9932990803,01-03-1985,O+,Hyderabad,148506,Fighter,28-03-2025 12:31
U171,Lagan Edwin,Female,+91 8697523973,27-11-2005,B+,Ahmedabad,764641,Emergency Donor,07-02-2025 18:03
U172,Pari Krishna,Other,+91 7491733270,31-08-1977,A-,Ahmedabad,858320,Fighter,14-04-2025 17:10
U173,Ritvik Verma,Female,+91 9263375013,28-06-1972,B+,Pune,355487,Emergency Donor,04-05-2025 10:20
U174,Jivika Sani,Other,+91 6863030920,27-02-1974,B+,Bengaluru,301837,Bridge Donor,15-06-2025 14:33
U175,Rania Barman,Female,+91 7110744976,13-11-1978,O-,Delhi,504392,Emergency Donor,02-01-2025 20:56
U176,Divij Majumdar,Other,+91 8529974465,12-09-1992,A+,Bengaluru,837299,Fighter,28-01-2025 12:58
U177,Nayantara Gupta,Female,+91 9643817370,15-04-1995,A-,Mumbai,595540,Fighter,22-03-2025 16:34
U178,Nitara Dhawan,Female,+91 8152751832,01-02-1994,AB-,Delhi,898226,Fighter,08-08-2025 11:15
U179,Dhruv Borra,Other,+91 7732605189,14-05-1984,B-,Hyderabad,528444,Fighter,10-01-2025 10:38
U180,Chirag Kohli,Male,+91 6373923116,01-08-1965,AB-,Delhi,910882,Fighter,04-02-2025 20:25
U181,Ryan Thaman,Female,+91 8602078947,16-12-1989,O+,Pune,282698,Emergency Donor,06-04-2025 19:46
U182,Aarush Krishnamurthy,Male,+91 7520087682,25-07-1984,B+,Mumbai,358523,Emergency Donor,07-03-2025 08:27
U183,Anaya Shere,Other,+91 9816886260,13-10-1964,B-,Bengaluru,995006,Emergency Donor,10-01-2025 23:51
U184,Khushi Chaudhari,Female,+91 7853705696,14-12-1994,A-,Pune,879872,Bridge Donor,14-05-2025 21:07
U185,Romil Sama,Female,+91 8029067178,30-03-1974,A+,Ahmedabad,399066,Emergency Donor,16-05-2025 19:17
U186,Samarth Upadhyay,Other,+91 6437293503,11-03-1989,B-,Chennai,458912,Fighter,07-04-2025 15:43
U187,Keya Chokshi,Male,+91 8564240830,29-05-1998,O+,Kolkata,300003,Fighter,18-05-2025 21:51
U188,Mohanlal Sarna,Male,+91 9109485801,29-12-1974,A-,Kolkata,380169,Fighter,31-05-2025 10:13
U189,Ehsaan Srinivasan,Female,+91 9279604507,24-08-1971,O+,Mumbai,708037,Fighter,14-07-2025 16:45
U190,Vardaniya Tella,Other,+91 8920966385,17-12-1989,AB+,Pune,369831,Emergency Donor,31-03-2025 12:59
U191,Eshani Dutta,Other,+91 6074871756,30-12-1992,AB+,Bengaluru,693654,Fighter,14-04-2025 01:42
U192,Shaan Dhar,Male,+91 8803512096,30-05-1975,B-,Hyderabad,212937,Fighter,12-06-2025 06:29
U193,Ivana Tella,Male,+91 7251534828,06-02-1973,A+,Bengaluru,705126,Emergency Donor,01-05-2025 08:15
U194,Neelofar Kapur,Other,+91 8764153279,04-02-1997,AB+,Bengaluru,645178,Emergency Donor,10-04-2025 07:39
U195,Himmat Yogi,Other,+91 9439208856,30-08-1969,O+,Kolkata,306921,Bridge Donor,05-06-2025 09:04
U196,Hunar Dua,Other,+91 7763820458,22-12-2003,B+,Mumbai,638760,Fighter,30-04-2025 13:46
U197,Himmat Kari,Other,+91 8548633035,03-11-1999,A+,Mumbai,723854,Bridge Donor,12-05-2025 02:15
U198,Hazel Kara,Other,+91 9161154791,01-11-1967,B-,Pune,207046,Fighter,03-02-2025 01:18
U199,Aaina Malhotra,Female,+91 8021453131,16-10-1996,O-,Kolkata,265971,Fighter,28-06-2025 04:00
U200,Jiya Master,Female,+91 6547134937,25-09-1966,A-,Kolkata,254170,Fighter,19-02-2025 23:30
U201,Shray Subramanian,Female,+91 7456756462,20-10-1994,O-,Hyderabad,565111,Bridge Donor,19-06-2025 19:46
U202,Yashvi Bhagat,Other,+91 9204930846,31-03-1986,AB+,Hyderabad,341176,Fighter,29-04-2025 03:46
U203,Anvi Seshadri,Other,+91 8875731953,18-01-1969,A-,Ahmedabad,547782,Bridge Donor,04-05-2025 09:07
U204,Samiha Bhasin,Male,+91 6134307958,29-01-1984,A+,Ahmedabad,578715,Fighter,03-08-2025 06:19
U205,Tarini Bala,Other,+91 8475230587,31-03-1972,O+,Delhi,124936,Emergency Donor,30-05-2025 06:09
U206,Yashvi Dutt,Male,+91 9042048679,28-10-1977,O+,Kolkata,679562,Bridge Donor,27-04-2025 04:08
U207,Chirag Chahal,Other,+91 8776203181,03-01-2003,B+,Ahmedabad,521216,Fighter,28-05-2025 22:19
U208,Mohanlal Soman,Other,+91 6004395461,07-11-1973,AB-,Bengaluru,563264,Emergency Donor,21-01-2025 20:12
U209,Pranay Ben,Other,+91 6790526325,24-04-1989,A+,Mumbai,958600,Emergency Donor,12-08-2025 00:13
U210,Taran Cheema,Other,+91 9683728272,17-11-1992,AB+,Pune,668683,Emergency Donor,28-07-2025 12:28
U211,Advik Batta,Male,+91 9458570591,18-04-1965,B+,Delhi,628225,Fighter,20-03-2025 13:31
U212,Ranbir Gandhi,Female,+91 6913898627,05-04-1996,AB+,Pune,291086,Bridge Donor,08-07-2025 13:56
U213,Taran Lad,Other,+91 6736353045,24-04-2001,A-,Chennai,455564,Emergency Donor,12-02-2025 02:53
U214,Kaira Golla,Other,+91 7793896658,09-10-1991,A+,Hyderabad,610300,Fighter,25-03-2025 08:22
U215,Madhav Borde,Female,+91 6676495278,09-08-1979,A+,Kolkata,450043,Fighter,28-07-2025 04:41
U216,Charvi Kohli,Female,+91 6308243295,26-03-1983,B-,Mumbai,569115,Fighter,20-07-2025 04:59
U217,Samarth Sane,Male,+91 6213709126,31-10-1967,B+,Kolkata,969714,Bridge Donor,11-04-2025 20:59
U218,Riaan Lalla,Female,+91 8400057488,11-08-1996,AB-,Mumbai,895852,Emergency Donor,27-07-2025 11:31
U219,Rohan Krishnamurthy,Female,+91 8501146126,21-04-1990,B-,Ahmedabad,492206,Emergency Donor,10-08-2025 19:19
U220,Tejas Shroff,Male,+91 8109105734,28-06-1993,B+,Hyderabad,757246,Fighter,16-01-2025 18:33
U221,Madhup Batra,Male,+91 9873518315,22-05-1965,B-,Chennai,913405,Bridge Donor,07-05-2025 00:17
U222,Veer Swamy,Other,+91 6996767666,29-11-1977,B+,Mumbai,471785,Fighter,05-04-2025 09:35
U223,Nitya Dube,Female,+91 7857971972,05-12-1981,A-,Hyderabad,929022,Emergency Donor,12-03-2025 02:01
U224,Raunak Handa,Other,+91 7267385428,06-12-1968,B+,Pune,387943,Emergency Donor,25-04-2025 06:47
U225,Kiaan Rout,Male,+91 8884962556,07-06-2006,O+,Hyderabad,797062,Bridge Donor,27-06-2025 07:03
U226,Tushar Kakar,Female,+91 9681170841,16-02-1977,AB-,Kolkata,668187,Fighter,13-04-2025 03:47
U227,Ryan Raval,Male,+91 7561585446,11-03-1975,O+,Chennai,419122,Emergency Donor,09-08-2025 17:50
U228,Samaira Sunder,Female,+91 9378801469,28-01-1981,B-,Delhi,257037,Fighter,12-03-2025 20:27
U229,Samiha Sandal,Other,+91 6449293136,16-01-2007,B-,Bengaluru,922195,Bridge Donor,04-06-2025 19:15
U230,Urvi Lall,Male,+91 8345171886,22-08-1964,B+,Pune,178213,Fighter,13-05-2025 23:09
U231,Raunak Dass,Female,+91 9464405296,05-04-2005,B-,Chennai,435300,Bridge Donor,17-05-2025 04:22
U232,Saanvi Biswas,Other,+91 7391105720,19-08-2004,O-,Delhi,294832,Emergency Donor,16-05-2025 15:27
U233,Veer Krishna,Other,+91 9660588894,10-09-1968,AB+,Kolkata,222219,Fighter,28-01-2025 14:46
U234,Kiara Ganesan,Male,+91 8073077604,18-03-2005,O-,Delhi,130766,Bridge Donor,04-06-2025 19:43
U235,Priyansh Brar,Other,+91 8123970270,08-03-2000,O-,Delhi,468421,Emergency Donor,18-04-2025 02:52
U236,Raghav Chahal,Other,+91 9441000992,08-12-1997,A-,Kolkata,940688,Fighter,17-07-2025 06:15
U237,Ira Lalla,Other,+91 8042707051,08-04-2006,O-,Kolkata,228713,Emergency Donor,03-07-2025 04:07
U238,Adah Upadhyay,Female,+91 9943827549,21-02-1983,B-,Hyderabad,664136,Emergency Donor,01-02-2025 06:37
U239,Tejas Mall,Male,+91 8427763547,07-06-2004,B+,Bengaluru,826471,Bridge Donor,17-02-2025 19:31
U240,Azad Ganguly,Other,+91 8870898448,24-05-1979,A+,Bengaluru,818038,Bridge Donor,20-05-2025 14:00
U241,Azad Dhingra,Male,+91 7031229206,13-03-1991,O+,Mumbai,420069,Fighter,19-02-2025 18:21
U242,Anahita Yohannan,Other,+91 7661186544,24-03-2005,A-,Hyderabad,887697,Bridge Donor,31-01-2025 02:46
U243,Abram Agarwal,Male,+91 7396562152,01-05-1994,O+,Chennai,982817,Fighter,13-04-2025 12:09
U244,Kimaya Vaidya,Female,+91 9508217881,09-10-1969,AB-,Mumbai,291772,Fighter,24-05-2025 23:33
U245,Lakshit Chatterjee,Female,+91 9460927957,01-02-2002,O-,Ahmedabad,992977,Emergency Donor,05-04-2025 22:04
U246,Kashvi Dayal,Other,+91 8905622576,14-09-1988,B-,Mumbai,671168,Fighter,12-06-2025 23:41
U247,Zain Sethi,Male,+91 8931370213,24-06-2003,B-,Pune,703394,Fighter,05-05-2025 04:36
U248,Ivana Bansal,Male,+91 7285223787,13-11-1969,B-,Chennai,435486,Fighter,05-07-2025 02:34
U249,Sahil Chand,Female,+91 9711158146,16-09-2006,A+,Chennai,306517,Emergency Donor,28-03-2025 08:20
U250,Emir Saxena,Female,+91 8150512651,07-09-1983,O-,Mumbai,554216,Fighter,25-01-2025 08:08
U251,Farhan Dutta,Female,+91 7891707620,05-12-2000,B-,Pune,798119,Emergency Donor,01-08-2025 23:35
U252,Tarini Chaudhari,Other,+91 8902080298,24-04-2002,O-,Mumbai,664233,Emergency Donor,20-04-2025 00:48
U253,Rohan Sen,Male,+91 8295369742,27-07-2006,B+,Bengaluru,613821,Emergency Donor,22-02-2025 10:25
U254,Tejas Rao,Male,+91 7858325793,07-02-2005,AB+,Kolkata,577454,Bridge Donor,22-07-2025 14:57
U255,Ishaan Bawa,Female,+91 9314099401,15-09-2004,B-,Hyderabad,627536,Fighter,10-03-2025 18:27
U256,Veer Saxena,Male,+91 9694387485,21-03-1970,AB-,Delhi,721109,Emergency Donor,06-05-2025 17:07
U257,Tiya Sarkar,Male,+91 7870500322,17-12-1970,A+,Hyderabad,363887,Fighter,10-01-2025 10:53
U258,Tarini Mahajan,Male,+91 6995241035,25-05-1999,AB+,Delhi,675128,Fighter,29-06-2025 12:43
U259,Jayesh Keer,Male,+91 7304390175,01-07-1983,A+,Delhi,156848,Emergency Donor,17-03-2025 06:16
U260,Ojas Kumar,Male,+91 8120671640,28-08-2003,A-,Ahmedabad,639680,Fighter,20-01-2025 00:47
U261,Kaira Kannan,Other,+91 9957361113,19-09-1992,A+,Pune,508629,Emergency Donor,28-03-2025 14:57
U262,Aarna Bir,Other,+91 7799083010,29-09-1993,A-,Hyderabad,731935,Fighter,17-01-2025 01:39
U263,Yasmin Sen,Female,+91 7491958608,12-01-1999,O-,Hyderabad,640453,Emergency Donor,11-07-2025 23:27
U264,Madhav Sachar,Other,+91 8490552458,02-05-1996,B-,Hyderabad,186454,Fighter,29-05-2025 07:57
U265,Jayan Ganesan,Male,+91 6346876843,14-11-1974,B-,Mumbai,611717,Fighter,15-03-2025 07:21
U266,Zeeshan Gulati,Female,+91 6688585632,06-07-1982,AB-,Hyderabad,401364,Fighter,10-04-2025 02:29
U267,Kartik Sabharwal,Female,+91 9207903546,19-02-1985,A+,Pune,963803,Emergency Donor,22-06-2025 23:27
U268,Keya Sarin,Female,+91 8407607892,21-06-1998,B-,Bengaluru,693421,Emergency Donor,10-08-2025 04:38
U269,Oorja Tak,Female,+91 9941398182,13-04-1976,AB-,Mumbai,223681,Bridge Donor,19-07-2025 17:32
U270,Raghav Bhat,Male,+91 9028541800,16-04-1971,A-,Ahmedabad,816438,Fighter,25-04-2025 01:40
U271,Purab Acharya,Female,+91 8946107844,31-07-1985,A-,Mumbai,668949,Bridge Donor,08-07-2025 03:47
U272,Tarini Soman,Female,+91 9280421672,26-08-1969,A-,Pune,508047,Emergency Donor,31-01-2025 19:16
U273,Indrans Bhatti,Other,+91 6073218565,24-12-1989,A-,Ahmedabad,685553,Emergency Donor,15-07-2025 22:21
U274,Ishaan Sami,Male,+91 9017077559,25-08-1972,B-,Ahmedabad,898153,Emergency Donor,20-03-2025 14:39
U275,Pihu Basu,Male,+91 7905864815,29-05-1965,A-,Delhi,507940,Bridge Donor,04-08-2025 04:46
U276,Mamooty Kapur,Male,+91 9690122761,10-10-1970,AB+,Hyderabad,534738,Bridge Donor,05-07-2025 10:54
U277,Yasmin Ravi,Female,+91 8396399603,12-08-1987,O-,Mumbai,877891,Bridge Donor,18-04-2025 01:35
U278,Onkar Das,Female,+91 6248918019,23-07-1969,AB+,Hyderabad,779895,Emergency Donor,15-04-2025 12:34
U279,Kiara Guha,Female,+91 8188857907,01-06-2001,AB-,Mumbai,979183,Emergency Donor,30-03-2025 22:18
U280,Arnav Sachar,Female,+91 6767703790,11-09-1994,O-,Ahmedabad,187346,Bridge Donor,18-05-2025 09:29
U281,Gatik Dave,Other,+91 8069125322,03-12-1987,B+,Delhi,666249,Fighter,27-07-2025 10:43
U282,Kabir Bhatt,Female,+91 8833937749,27-02-1980,AB-,Kolkata,919796,Bridge Donor,19-04-2025 12:53
U283,Indranil Rana,Female,+91 6647918768,31-10-2005,AB+,Mumbai,674582,Emergency Donor,10-02-2025 10:00
U284,Hazel Taneja,Female,+91 9002088737,05-05-1991,O-,Mumbai,994113,Fighter,21-04-2025 17:55
U285,Anvi Deshpande,Female,+91 6626441037,28-10-1995,O+,Pune,915430,Emergency Donor,02-07-2025 07:47
U286,Mahika Sampath,Male,+91 8447320374,06-11-1973,A+,Pune,537591,Fighter,25-01-2025 05:08
U287,Rati Varughese,Other,+91 9540581199,04-06-1994,O+,Ahmedabad,483132,Fighter,30-05-2025 03:03
U288,Manikya Ghose,Female,+91 9371444215,20-03-1982,A-,Hyderabad,521027,Emergency Donor,06-04-2025 02:47
U289,Pihu Khalsa,Other,+91 7918861199,21-10-1969,AB+,Mumbai,641147,Emergency Donor,22-02-2025 11:48
U290,Zaina Varma,Male,+91 8162361997,31-03-1990,AB-,Ahmedabad,630001,Fighter,23-04-2025 16:33
U291,Chirag Desai,Female,+91 6382235178,27-03-1985,A+,Pune,603936,Fighter,04-02-2025 06:01
U292,Mehul Buch,Female,+91 8897935293,02-07-1999,B-,Pune,527432,Fighter,14-03-2025 18:53
U293,Riaan Shan,Other,+91 7359077771,08-03-1995,O+,Mumbai,926602,Emergency Donor,13-07-2025 06:34
U294,Ritvik Acharya,Male,+91 7313231683,09-07-1993,AB-,Kolkata,508579,Emergency Donor,30-01-2025 07:43
U295,Advika Jhaveri,Other,+91 9015809348,14-09-1996,O-,Pune,503046,Bridge Donor,20-03-2025 19:23
U296,Nayantara Batta,Male,+91 7708983581,06-12-1987,O-,Pune,797293,Bridge Donor,09-07-2025 19:14
U297,Ojas Gala,Male,+91 9132881540,15-09-1973,O+,Chennai,371874,Bridge Donor,12-07-2025 08:27
U298,Bhamini Aggarwal,Male,+91 6087210898,20-12-2003,A+,Chennai,528704,Bridge Donor,22-02-2025 07:08
U299,Anahi Karnik,Other,+91 9516312488,07-01-1972,B+,Mumbai,283760,Bridge Donor,27-05-2025 02:14
